{"0": {"times": ["07:00", "07:30", "08:00", "08:30", "09:00", "09:30", "10:00", "10:30", "11:00", "11:30", "12:00", "12:30", "13:00", "13:30", "14:00", "14:30", "15:00", "15:30", "16:00", "16:30", "17:00", "17:30", "18:00", "18:30", "19:00", "19:30", "20:00", "20:30", "21:00", "21:30", "22:00", "22:30"], "mres": [39.333333333333336, 18.666666666666668, 29.333333333333332, 33.0, 31.333333333333332, 34.0, 38.0, 45.333333333333336, 42.666666666666664, 32.333333333333336, 42.333333333333336, 49.666666666666664, 49.666666666666664, 41.0, 37.0, 38.333333333333336, 49.666666666666664, 60.0, 59.666666666666664, 60.0, 60.0, 60.0, 60.0, 60.0, 60.0, 60.0, 60.0, 59.333333333333336, 60.0, 39.0, 22.333333333333332, 7.0]}, "1": {"times": ["07:00", "07:30", "08:00", "08:30", "09:00", "09:30", "10:00", "10:30", "11:00", "11:30", "12:00", "12:30", "13:00", "13:30", "14:00", "14:30", "15:00", "15:30", "16:00", "16:30", "17:00", "17:30", "18:00", "18:30", "19:00", "19:30", "20:00", "20:30", "21:00", "21:30", "22:00", "22:30"], "mres": [47.666666666666664, 28.0, 36.333333333333336, 29.666666666666668, 46.333333333333336, 33.333333333333336, 56.0, 49.333333333333336, 53.0, 40.333333333333336, 42.666666666666664, 53.0, 48.666666666666664, 46.0, 50.333333333333336, 44.333333333333336, 60.0, 60.0, 60.0, 60.0, 60.0, 60.0, 60.0, 60.0, 60.0, 59.666666666666664, 60.0, 60.0, 53.0, 23.666666666666668, 27.333333333333332, 8.0]}, "2": {"times": ["07:00", "07:30", "08:00", "08:30", "09:00", "09:30", "10:00", "10:30", "11:00", "11:30", "12:00", "12:30", "13:00", "13:30", "14:00", "14:30", "15:00", "15:30", "16:00", "16:30", "17:00", "17:30", "18:00", "18:30", "19:00", "19:30", "20:00", "20:30", "21:00", "21:30", "22:00", "22:30"], "mres": [41.333333333333336, 25.333333333333332, 35.0, 46.0, 49.333333333333336, 42.333333333333336, 49.0, 53.0, 56.666666666666664, 37.666666666666664, 43.0, 58.666666666666664, 53.333333333333336, 47.0, 48.666666666666664, 40.0, 60.0, 60.0, 60.0, 60.0, 60.0, 59.666666666666664, 60.0, 60.0, 60.0, 57.0, 60.0, 55.0, 41.333333333333336, 20.0, 16.666666666666668, 5.333333333333333]}, "3": {"times": ["07:00", "07:30", "08:00", "08:30", "09:00", "09:30", "10:00", "10:30", "11:00", "11:30", "12:00", "12:30", "13:00", "13:30", "14:00", "14:30", "15:00", "15:30", "16:00", "16:30", "17:00", "17:30", "18:00", "18:30", "19:00", "19:30", "20:00", "20:30", "21:00", "21:30", "22:00", "22:30"], "mres": [40.0, 21.0, 30.666666666666668, 28.0, 49.666666666666664, 36.666666666666664, 33.666666666666664, 43.0, 51.333333333333336, 33.0, 37.0, 49.0, 50.0, 45.0, 45.0, 36.666666666666664, 51.333333333333336, 60.0, 51.666666666666664, 55.666666666666664, 59.666666666666664, 60.0, 58.666666666666664, 53.0, 55.333333333333336, 49.666666666666664, 54.333333333333336, 44.666666666666664, 28.0, 13.333333333333334, 19.0, 6.0]}, "4": {"times": ["07:00", "07:30", "08:00", "08:30", "09:00", "09:30", "10:00", "10:30", "11:00", "11:30", "12:00", "12:30", "13:00", "13:30", "14:00", "14:30", "15:00", "15:30", "16:00", "16:30", "17:00", "17:30", "18:00", "18:30", "19:00", "19:30", "20:00", "20:30", "21:00", "21:30", "22:00", "22:30"], "mres": [40.0, 23.666666666666668, 32.0, 35.666666666666664, 54.333333333333336, 43.333333333333336, 52.0, 54.333333333333336, 45.666666666666664, 39.0, 47.333333333333336, 51.0, 46.666666666666664, 39.333333333333336, 49.333333333333336, 34.333333333333336, 44.333333333333336, 58.666666666666664, 56.333333333333336, 42.666666666666664, 55.0, 53.0, 44.666666666666664, 33.0, 36.666666666666664, 24.0, 34.0, 18.333333333333332, 23.0, 11.5, 9.5, 2.75]}, "5": {"times": ["08:00", "08:30", "09:00", "09:30", "10:00", "10:30", "11:00", "11:30", "12:00", "12:30", "13:00", "13:30", "14:00", "14:30", "15:00", "15:30", "16:00", "16:30", "17:00", "17:30", "18:00", "18:30", "19:00", "19:30", "20:00"], "mres": [25.0, 14.5, 31.0, 26.5, 34.0, 29.0, 38.5, 31.5, 29.5, 20.0, 29.75, 24.25, 29.5, 25.0, 33.25, 24.5, 32.0, 29.333333333333332, 26.666666666666668, 19.333333333333332, 23.333333333333332, 20.0, 28.666666666666668, 25.333333333333332, 17.666666666666668]}, "6": {"times": ["08:00", "08:30", "09:00", "09:30", "10:00", "10:30", "11:00", "11:30", "12:00", "12:30", "13:00", "13:30", "14:00", "14:30", "15:00", "15:30", "16:00", "16:30", "17:00", "17:30", "18:00", "18:30", "19:00", "19:30", "20:00"], "mres": [27.333333333333332, 20.333333333333332, 28.666666666666668, 28.333333333333332, 54.333333333333336, 50.0, 56.333333333333336, 32.333333333333336, 41.333333333333336, 34.0, 26.666666666666668, 28.666666666666668, 33.333333333333336, 26.0, 27.333333333333332, 23.0, 36.0, 28.333333333333332, 28.0, 21.0, 29.333333333333332, 25.666666666666668, 38.0, 34.666666666666664, 24.0]}}